id_etudiant,prenom,nom,age,ville,niveau,heures_etude,note_sql,note_python,salaire_stage
48,Youssouf,Bamba,-5,Cotonou,Intermédiaire,10.1,7.7,9.1,62065
346,Sekou,Konan,39,Lomé,Avancé,6.2,7.4,8.3,101097
285,Fatou,Diarra,30,Dakar,Intermédiaire,7.3,8.9,6.6,74551
222,Kadiatou,Sangare,32,Dakar,Intermédiaire,11.9,14.4,15.6,74777
14,Adama,Ouattara,31,Abidjan,Intermédiaire,7.4,3.6,5.3,59321
169,Coumba,Bamba,40,Bamako,Débutant,10.0,14.2,12.8,44754
224,Assitan,Barry,38,Lomé,Débutant,10.2,10.8,12.1,49889
190,Ramatoulaye,Sylla,41,Conakry,Avancé,10.4,12.3,12.1,120698
379,Modibo,Fofana,26,Ouagadougou,Avancé,5.6,7.0,8.5,109126
193,Sekou,Doumbia,27,Bamako,Avancé,7.3,8.5,6.0,118580
118,Youssouf,Barry,24,Dakar,Avancé,7.1,7.9,4.1,113641
233,Hawa,Diallo,37,Bamako,Débutant,8.1,9.3,9.3,60018
111,Souleymane,Kone,25,,Débutant,11.6,12.6,12.4,57829
148,Aminata,Keita,32,Abidjan,Intermédiaire,11.6,16.3,17.8,66495
321,Amadou,Sangare,20,Abidjan,Intermédiaire,8.9,8.0,6.9,67760
68,Djeneba,Bamba,20,Abidjan,Intermédiaire,5.1,8.6,9.4,67091
91,Ibrahim,Sow,32,Abidjan,Intermédiaire,8.2,9.8,10.6,59572
439,Fatou,Coulibaly,42,Dakar,Intermédiaire,11.4,14.0,13.5,80062
329,Assitan,Traore,22,Abidjan,Intermédiaire,11.1,9.9,10.3,78195
299,Amadou,Toure,23,Accra,Débutant,4.6,8.9,4.0,62377
67,Nafissatou,Doumbia,31,Cotonou,Débutant,6.6,3.9,3.8,57821
156,Mariam,Sylla,21,Dakar,Débutant,4.0,1.5,0.7,60574
261,Assitan,Konan,39,Lomé,Avancé,11.2,13.1,11.9,100066
312,Ousmane,Diarra,18,Bamako,Intermédiaire,9.3,8.6,9.2,60668
147,Amadou,Sangare,22,Dakar,Débutant,4.5,1.0,0.0,56031
466,Ramatoulaye,Yao,28,Cotonou,Débutant,7.1,9.4,6.7,54726
103,Moussa,Kone,36,Ouagadougou,Avancé,8.1,12.0,10.5,105031
424,Hawa,Diakite,26,Dakar,Débutant,8.9,10.4,14.1,68904
348,Fanta,Konan,31,Dakar,Débutant,8.8,7.4,7.3,55363
409,Assitan,Camara,28,Abidjan,Débutant,9.1,10.7,10.4,55376
32,Kadiatou,Coulibaly,30,Abidjan,Débutant,6.4,8.5,9.9,59040
491,Djeneba,Konan,37,Cotonou,Débutant,8.6,12.8,10.8,65985
35,Bakary,Sangare,37,Abidjan,Intermédiaire,8.9,9.5,10.3,78208
133,Sekou,Diarra,44,Accra,Débutant,7.3,9.0,8.6,60295
173,Awa,Sow,28,Accra,Débutant,11.3,8.7,11.7,35641
451,Hawa,Barry,34,Dakar,Intermédiaire,6.1,5.1,5.4,94234
143,Mariam,Coulibaly,37,Bamako,Débutant,9.2,10.8,11.2,38805
136,Fatou,Keita,39,Cotonou,Intermédiaire,5.2,,7.2,83202
434,Boubacar,Keita,38,Ouagadougou,Intermédiaire,0.0,4.6,4.6,63977
5,Adama,Coulibaly,36,  Bamako  ,Intermédiaire,13.0,12.9,12.4,83794
367,Salif,Sylla,37,Conakry,Avancé,7.7,9.5,12.5,126148
442,Bakary,Ouattara,25,Abidjan,Intermédiaire,9.2,,13.6,64503
332,Mariam,Ouattara,18,Cotonou,Débutant,6.8,11.8,10.1,59961
63,Moussa,Ouattara,25,Ouagadougou,Avancé,7.5,6.2,7.9,101761
225,Hawa,Yao,26,Bamako,Intermédiaire,8.2,12.8,10.1,66870
181,Lamine,Keita,32,Dakar,Avancé,10.1,14.4,14.2,108186
365,Ousmane,Sylla,-1,Dakar,Débutant,11.5,10.7,11.8,66691
369,Fanta,Bamba,27,Cotonou,Débutant,3.3,0.4,2.1,63254
66,Rokia,Bamba,22,Abidjan,Intermédiaire,5.6,6.6,10.0,75007
205,Bakary,Camara,18,Bamako,Avancé,8.2,13.0,10.5,113217
86,Nafissatou,Diarra,31,Abidjan,Débutant,6.0,8.2,5.5,50469
316,Fanta,Toure,24,Abidjan,Débutant,10.8,9.5,9.3,38928
496,Adama,Cisse,28,Lomé,Intermédiaire,9.5,7.1,6.8,46609
129,Youssouf,Sangare,39,Cotonou,Avancé,5.0,5.2,3.3,117314
6,Mariam,Sow,37,Dakar,Intermédiaire,6.6,7.1,7.9,64226
350,Fanta,Traore,33,Bamako,Intermédiaire,9.3,10.5,8.5,73379
335,Mariam,Bamba,19,,Débutant,7.1,5.0,10.3,39026
305,Kofi,Bamba,24,Abidjan,Intermédiaire,6.4,10.2,6.5,84789
340,Souleymane,Bamba,31,Abidjan,Débutant,7.4,4.5,4.0,52430
306,Ibrahim,Bamba,20,Dakar,Intermédiaire,8.3,6.3,9.9,61283
262,Modibo,Ouattara,43,Cotonou,Débutant,8.1,6.4,7.6,39841
18,Mariam,Traore,21,Dakar,Avancé,9.1,9.2,7.1,109677
214,Bineta,Konan,42,cotonou,Débutant,10.0,16.4,14.5,53291
243,Awa,Sow,44,Dakar,Intermédiaire,3.8,,0.0,73497
479,Awa,Diakite,41,Dakar,Débutant,7.2,5.8,6.9,45192
364,Ousmane,Diarra,18,Dakar,Débutant,7.0,7.4,8.9,48699
381,Moussa,Kone,38,Bamako,Débutant,7.5,,7.1,59496
234,Fatou,Konan,42,Abidjan,Avancé,13.1,12.3,12.1,105024
120,Oumou,Sylla,21,Conakry,Débutant,12.0,13.9,12.7,29135
290,Boubacar,Diallo,18,Cotonou,Avancé,12.2,12.6,11.8,114876
166,Awa,Diakite,23,Bamako,Avancé,11.3,11.4,11.8,101631
415,Fatou,Keita,19,Dakar,Intermédiaire,5.3,6.4,5.5,96841
188,Djeneba,Diarra,21,  Abidjan  ,Avancé,11.3,15.1,13.6,115827
387,Fanta,Keita,29,abidjan,Débutant,14.2,12.7,9.9,47373
30,Boubacar,Ouattara,29,Conakry,Intermédiaire,9.5,11.2,10.2,85743
489,Bineta,Konan,36,Accra,Débutant,13.4,15.9,15.3,42188
473,Awa,Konan,25,Abidjan,Avancé,3.2,4.3,6.3,110226
209,Amadou,Sylla,43,Abidjan,Débutant,10.9,10.6,10.9,28229
445,Moussa,Yao,30,Abidjan,Intermédiaire,6.1,11.8,10.2,106521
161,Lamine,Ouattara,22,Bamako,Intermédiaire,9.5,10.1,8.6,84331
108,Rokia,Diallo,20,,Intermédiaire,9.3,12.0,13.9,63860
499,Sekou,Ouattara,43,Cotonou,Débutant,9.2,11.6,13.1,55169
345,Awa,Coulibaly,22,ABIDJAN,Débutant,4.3,4.5,5.7,31562
480,Mariam,Cisse,39,Bamako,Intermédiaire,2.0,0.0,0.0,81962
301,Ibrahim,Diallo,21,Accra,Intermédiaire,7.9,12.0,9.5,65320
393,Nafissatou,Barry,31,Abidjan,Intermédiaire,4.3,7.2,6.6,81715
344,Bineta,Diakite,37,DAKAR,Intermédiaire,12.8,9.0,14.0,76755
453,Rokia,Sow,38,Abidjan,Intermédiaire,10.4,13.7,10.9,58108
291,Kadiatou,Barry,31,Lomé,Avancé,7.7,11.3,8.2,121819
219,Ibrahim,Diakite,25,Lomé,Avancé,7.6,10.4,8.8,111034
294,Lamine,Kone,35,Abidjan,Débutant,8.7,8.0,7.1,44717
331,Fatou,Barry,36,Accra,Débutant,4.7,3.7,3.5,51399
259,Oumou,Camara,34,Cotonou,Avancé,7.0,9.4,11.1,108357
435,Hawa,Diakite,27,  Abidjan  ,Avancé,10.0,7.4,9.5,113476
7,Bakary,Sangare,18,abidjan,Intermédiaire,6.2,8.8,6.2,88765
431,Amadou,Sangare,43,Abidjan,Avancé,7.4,6.8,8.8,130153
12,Lamine,Camara,18,Accra,Débutant,11.7,16.3,15.0,49642
429,Coumba,Kone,42,Abidjan,Débutant,7.4,7.1,6.0,53111
93,Bineta,Camara,42,Conakry,Débutant,9.5,11.8,11.2,55964
226,Hawa,Cisse,27,Dakar,Débutant,3.2,0.4,3.1,58233
412,Sekou,Diallo,43,Accra,Débutant,7.8,4.8,,37210
330,Ousmane,Keita,20,Ouagadougou,Avancé,11.4,7.8,9.4,126536
447,Modibo,Diarra,38,Bamako,Intermédiaire,10.9,8.4,9.4,77429
43,Ramatoulaye,Barry,41,Ouagadougou,Intermédiaire,8.6,10.0,11.3,96248
59,Boubacar,Camara,20,Accra,Intermédiaire,9.9,11.3,13.8,65266
455,Ibrahim,Traore,31,dakar,Débutant,11.6,11.9,12.5,30245
79,Bakary,Diallo,27,Cotonou,Intermédiaire,8.9,8.2,9.0,65142
484,Youssouf,Traore,18,Abidjan,Intermédiaire,8.8,15.0,11.9,60763
180,Djeneba,Bamba,18,Abidjan,Intermédiaire,8.6,10.7,8.5,98079
428,Salif,Doumbia,22,Cotonou,Débutant,8.3,10.5,8.9,53631
102,Hawa,Diakite,25,Cotonou,Intermédiaire,4.8,,1.9,79578
165,Aminata,Yao,25,Lomé,Débutant,9.9,15.3,12.7,40837
248,Ousmane,Fofana,44,Dakar,Intermédiaire,3.6,4.4,7.1,69494
460,Oumou,Ouattara,36,,Débutant,5.4,3.5,5.3,46797
160,Fanta,Diakite,44,Dakar,Avancé,6.0,4.7,3.8,113326
400,Bakary,Doumbia,26,Dakar,Avancé,9.4,11.6,10.1,96672
443,Fanta,Sylla,19,Conakry,Avancé,5.1,4.8,3.9,123626
342,Lamine,Traore,33,Abidjan,Avancé,5.6,6.4,5.6,108037
19,Oumou,Diakite,30,Abidjan,Intermédiaire,10.7,6.9,,81405
41,Bineta,Camara,28,Ouagadougou,Intermédiaire,5.8,6.5,6.5,66846
269,Sekou,Sow,26,Lomé,Intermédiaire,8.8,10.8,11.7,75347
198,Hawa,Barry,36,Accra,Intermédiaire,3.2,4.2,,73779
459,Aminata,Sylla,18,Conakry,Débutant,7.9,8.5,9.4,29222
42,Ramatoulaye,Sangare,32,  Conakry  ,Débutant,5.6,7.9,4.9,39338
202,Cheikh,Konan,39,Ouagadougou,Avancé,13.1,17.1,17.2,96520
292,Djeneba,Fofana,36,,Avancé,8.1,10.1,11.9,114809
327,Assitan,Cisse,42,  Dakar  ,Débutant,11.9,12.4,10.8,46281
296,Lamine,Sangare,39,Conakry,Intermédiaire,8.9,,9.9,60770
250,Aminata,Sylla,39,Abidjan,Intermédiaire,5.7,3.8,5.4,66148
174,Aminata,Camara,29,Lomé,Avancé,7.6,11.9,7.8,96842
81,Youssouf,Diarra,35,Lomé,Avancé,6.7,2.9,3.8,121948
47,Hawa,Diakite,34,Dakar,Avancé,9.3,10.8,8.9,110713
247,Amadou,Barry,29,Conakry,Avancé,8.2,7.4,5.7,114644
94,Moussa,Traore,34,Dakar,Débutant,5.5,,6.0,43657
395,Nafissatou,Konan,34,Dakar,Intermédiaire,6.6,5.9,8.0,83875
82,Awa,Bamba,25,Dakar,Débutant,11.4,14.3,14.6,58946
307,Coumba,Konan,27,,Débutant,8.5,5.4,,66088
239,Souleymane,Fofana,24,Conakry,Débutant,6.2,7.8,9.9,31689
498,Fanta,Sangare,150,Dakar,Avancé,16.3,18.0,19.7,119567
341,Nafissatou,Doumbia,28,Cotonou,Intermédiaire,2.9,2.8,3.1,59673
383,Mariam,Cisse,20,Lomé,Avancé,2.1,3.3,3.5,128555
430,Mariam,Fofana,23,ABIDJAN,Avancé,7.5,,8.5,91104
140,Adama,Sow,21,Conakry,Débutant,12.6,11.9,13.5,48498
107,Mariam,Diallo,23,CONAKRY,Intermédiaire,4.8,3.2,5.5,66890
347,Ramatoulaye,Traore,38,Bamako,Avancé,7.9,4.6,10.4,109359
293,Ibrahim,Sylla,32,  Dakar  ,Avancé,10.1,,11.9,107975
208,Sekou,Yao,38,Bamako,Avancé,8.7,9.3,10.9,108185
323,Salif,Diallo,40,Bamako,Débutant,7.6,5.5,4.6,45481
389,Souleymane,Barry,34,Conakry,Avancé,0.4,1.4,2.0,119603
96,Bakary,Yao,32,Bamako,Intermédiaire,11.1,13.9,15.6,82442
123,Ramatoulaye,Traore,18,Conakry,Débutant,12.0,9.2,10.1,46400
163,Hawa,Coulibaly,28,Abidjan,Débutant,9.1,14.2,13.9,60652
24,Oumou,Fofana,35,Bamako,Intermédiaire,5.8,6.2,5.6,67432
14,Adama,Ouattara,31,Abidjan,Intermédiaire,7.4,3.6,5.3,59321
62,Nafissatou,Keita,39,Bamako,Débutant,5.8,7.3,8.9,47725
423,Rokia,Doumbia,21,Bamako,Intermédiaire,7.8,7.5,11.3,67684
40,Amadou,Yao,26,Abidjan,Avancé,11.5,16.6,15.9,103617
437,Ramatoulaye,Bamba,38,Dakar,Intermédiaire,7.9,10.7,8.2,78557
237,Amadou,Sangare,23,  Bamako  ,Avancé,5.8,3.5,2.8,92289
375,Fatou,Kone,37,Ouagadougou,Avancé,9.9,7.5,11.6,120095
218,Boubacar,Diarra,36,Abidjan,Intermédiaire,12.1,13.4,14.3,55311
99,Kadiatou,Keita,31,Lomé,Débutant,5.1,6.1,7.2,46609
257,Amadou,Ouattara,41,Conakry,Intermédiaire,8.6,7.8,6.0,75079
251,Fatou,Doumbia,41,Abidjan,Intermédiaire,9.0,8.0,7.8,76811
359,Kadiatou,Diarra,33,Abidjan,Intermédiaire,7.2,3.0,6.8,88935
384,Assitan,Sow,37,Abidjan,Avancé,10.2,14.7,13.4,112242
380,Mariam,Camara,19,Abidjan,Intermédiaire,6.1,8.4,7.7,80483
315,Ibrahim,Doumbia,35,Abidjan,Intermédiaire,4.4,4.5,6.8,87961
464,Boubacar,Bamba,43,Abidjan,Intermédiaire,7.6,9.0,9.4,74688
128,Bakary,Barry,21,Abidjan,Intermédiaire,7.9,4.6,4.0,62421
83,Rokia,Sow,25,Dakar,Avancé,8.3,30.0,13.2,96271
468,Assitan,Sangare,28,Bamako,Intermédiaire,8.6,5.8,5.8,80926
186,Youssouf,Ouattara,21,Accra,Avancé,9.8,12.6,11.5,92136
28,Kofi,Cisse,40,Dakar,Avancé,7.2,6.1,7.2,110517
90,Hawa,Sangare,40,Abidjan,Débutant,11.8,16.3,17.2,57640
487,Kofi,Sow,32,Cotonou,Débutant,0.0,0.0,1.0,43214
74,Ramatoulaye,Ouattara,31,Dakar,Débutant,3.3,1.6,2.9,51114
250,Aminata,Sylla,39,Abidjan,Intermédiaire,5.7,3.8,5.4,66148
172,Fatou,Yao,31,Bamako,Intermédiaire,5.1,8.0,6.3,75394
162,Lamine,Toure,37,Accra,Intermédiaire,8.5,12.3,11.0,72773
70,Djeneba,Sylla,22,Accra,Intermédiaire,12.9,12.2,16.3,85820
295,Moussa,Sylla,19,ABIDJAN,Intermédiaire,10.9,11.3,11.3,85361
92,Coumba,Camara,18,Abidjan,Avancé,10.6,12.4,12.5,103672
378,Adama,Diakite,23,Accra,Intermédiaire,6.4,10.4,7.4,74082
490,Kofi,Sylla,20,Lomé,Avancé,11.7,14.8,17.2,107402
386,Awa,Sow,39,Ouagadougou,Débutant,8.7,9.4,10.1,33884
126,Cheikh,Coulibaly,40,Lomé,Avancé,6.2,7.7,8.1,113124
246,Mariam,Yao,44,Abidjan,Avancé,10.3,7.8,10.7,98278
275,Oumou,Camara,34,Abidjan,Avancé,12.8,17.1,17.7,101435
60,Ousmane,Coulibaly,18,LOMÉ,Débutant,14.2,13.8,14.4,60071
121,Djeneba,Cisse,23,Ouagadougou,Débutant,5.0,8.3,10.1,51605
13,Adama,Doumbia,43,Dakar,Intermédiaire,7.7,7.7,8.1,69685
474,Nafissatou,Camara,20,Ouagadougou,Avancé,5.7,9.4,6.0,95944
268,Hawa,Toure,37,Accra,Débutant,3.2,7.1,11.3,55136
478,Djeneba,Keita,32,Bamako,Avancé,7.4,10.4,9.5,104209
294,Lamine,Kone,35,Abidjan,Débutant,8.7,8.0,7.1,44717
311,Fatou,Diarra,19,Accra,Intermédiaire,10.9,12.5,14.4,73501
158,Kofi,Ouattara,43,Accra,Avancé,13.8,16.0,,106849
343,Hawa,Kone,21,Conakry,Intermédiaire,10.9,6.7,13.3,78017
187,Youssouf,Toure,33,Abidjan,Débutant,5.2,7.4,4.8,43780
271,Awa,Toure,37,Abidjan,Débutant,3.3,6.1,7.3,56550
274,Modibo,Sangare,25,Dakar,Avancé,8.4,11.9,13.5,114202
415,Fatou,Keita,19,Dakar,Intermédiaire,5.3,6.4,5.5,96841
215,Cheikh,Diakite,18,Conakry,Débutant,6.0,3.0,4.7,62528
456,Awa,Fofana,19,Bamako,Avancé,10.1,13.7,13.2,117511
410,Oumou,Sylla,31,Abidjan,Intermédiaire,7.9,3.7,,79282
425,Ibrahim,Coulibaly,23,Cotonou,Avancé,9.6,10.7,11.8,110493
89,Kofi,Bamba,18,Abidjan,Intermédiaire,6.7,,2.1,66657
325,Awa,Cisse,25,Bamako,Intermédiaire,10.4,6.7,5.7,74930
132,Souleymane,Sow,22,Accra,Débutant,9.6,12.4,10.9,53387
125,Ramatoulaye,Toure,44,Dakar,Débutant,1.6,3.7,2.1,53733
175,Youssouf,Coulibaly,43,Abidjan,Intermédiaire,1.5,4.2,5.9,77810
319,Assitan,Diakite,42,Abidjan,Avancé,12.2,11.6,12.8,96042
192,Salif,Coulibaly,25,Abidjan,Avancé,13.5,16.1,16.8,86839
15,Oumou,Diakite,200,Ouagadougou,Intermédiaire,5.4,7.4,4.2,78467
405,Fatou,Toure,24,Lomé,Débutant,8.8,8.1,7.3,44030
450,Ramatoulaye,Sangare,30,Accra,Intermédiaire,9.5,10.5,11.4,69518
124,Ramatoulaye,Diakite,22,Abidjan,Intermédiaire,7.6,7.5,9.5,67719
139,Oumou,Camara,32,Ouagadougou,Intermédiaire,11.7,,7.5,75732
112,Hawa,Ouattara,27,Accra,Débutant,15.8,15.4,12.7,45689
52,Lamine,Diallo,38,Abidjan,Débutant,8.3,,12.3,46038
426,Ibrahim,Keita,19,Cotonou,Intermédiaire,9.9,6.8,9.9,82688
113,Mariam,Sangare,37,Abidjan,Intermédiaire,9.7,,11.6,79081
10,Djeneba,Cisse,29,Bamako,Intermédiaire,8.9,8.9,9.3,89665
20,Awa,Sylla,28,Accra,Intermédiaire,5.6,7.9,8.2,76231
17,Moussa,Traore,28,Conakry,Intermédiaire,7.3,4.0,7.9,56599
273,Aminata,Yao,39,Bamako,Avancé,6.6,6.4,4.8,100061
1,Sekou,Diarra,23,Abidjan,Intermédiaire,4.5,3.0,3.5,74510
356,Fatou,Konan,175,Bamako,Débutant,7.7,7.5,7.1,30920
106,Youssouf,Keita,23,Abidjan,Intermédiaire,9.4,9.8,9.9,74650
373,Coumba,Sangare,40,Dakar,Avancé,13.2,15.4,15.1,95847
408,Fanta,Kone,39,Dakar,Avancé,6.9,6.4,6.4,119135
493,Mariam,Traore,34,Dakar,Débutant,10.4,8.7,14.6,58622
446,Awa,Sow,42,Conakry,Intermédiaire,10.6,10.6,10.0,63765
231,Souleymane,Sangare,26,  Abidjan  ,Avancé,8.4,7.5,8.6,116647
433,Kofi,Konan,40,Accra,Intermédiaire,9.8,10.1,12.8,71028
71,Boubacar,Doumbia,22,Ouagadougou,Avancé,9.0,10.6,9.9,96504
326,Salif,Traore,39,Cotonou,Débutant,2.8,6.3,3.3,47844
258,Coumba,Diarra,18,Abidjan,Intermédiaire,5.7,6.0,5.7,71744
286,Fatou,Barry,33,Dakar,Intermédiaire,6.0,7.8,10.3,76825
39,Amadou,Cisse,34,Bamako,Débutant,3.2,6.9,5.9,41680
151,Djeneba,Sylla,30,Abidjan,Intermédiaire,8.8,10.0,,87754
351,Souleymane,Barry,35,Abidjan,Intermédiaire,6.6,8.5,10.3,76430
465,Awa,Konan,38,Bamako,Intermédiaire,5.6,4.9,5.6,75180
164,Oumou,Doumbia,27,,Avancé,9.5,11.7,10.7,124526
168,Mariam,Camara,25,Cotonou,Intermédiaire,7.3,10.5,8.0,78076
486,Lamine,Kone,21,Dakar,Intermédiaire,4.1,5.6,6.3,82836
207,Cheikh,Diallo,22,Dakar,Intermédiaire,5.2,5.2,,500000
245,Ibrahim,Diakite,28,Dakar,Intermédiaire,3.5,4.4,3.0,64574
189,Bineta,Ouattara,22,Accra,Intermédiaire,6.4,11.4,8.6,79969
440,Aminata,Sylla,23,Accra,Débutant,10.8,13.5,11.6,64473
481,Rokia,Bamba,39,Abidjan,Avancé,9.9,9.8,12.3,104823
146,Fatou,Sylla,25,Dakar,Intermédiaire,9.0,13.7,12.1,87292
278,Modibo,Keita,30,Accra,Intermédiaire,5.3,7.9,7.3,57069
436,Fatou,Fofana,39,Abidjan,Intermédiaire,8.6,9.7,5.1,75867
454,Boubacar,Fofana,43,Abidjan,Avancé,10.3,10.9,9.6,105287
352,Assitan,Fofana,24,Conakry,Intermédiaire,8.0,11.4,11.1,83496
402,Moussa,Sylla,19,  Abidjan  ,Avancé,8.3,5.3,6.4,102274
413,Awa,Cisse,43,Dakar,Intermédiaire,2.7,2.9,0.4,80153
308,Adama,Keita,27,Abidjan,Intermédiaire,4.9,5.9,10.0,83282
287,Salif,Sangare,25,Accra,Intermédiaire,8.5,9.3,11.0,68299
401,Ousmane,Traore,25,Conakry,Intermédiaire,11.3,9.1,9.6,71506
176,Rokia,Sangare,30,Ouagadougou,Débutant,10.5,8.5,12.9,28674
420,Coumba,Doumbia,35,Abidjan,Débutant,17.4,19.3,19.1,47605
366,Awa,Diarra,22,Dakar,Débutant,9.1,10.0,9.3,40574
230,Ramatoulaye,Keita,43,Dakar,Débutant,7.5,,8.3,63035
284,Aminata,Traore,34,Abidjan,Débutant,8.2,11.8,9.2,52693
229,Lamine,Diallo,38,Dakar,Débutant,14.5,12.3,11.1,40246
101,Bineta,Diallo,25,Dakar,Intermédiaire,14.2,11.6,13.9,73763
411,Mariam,Sow,21,Abidjan,Avancé,11.4,10.7,10.4,107200
54,Souleymane,Traore,28,Bamako,Débutant,0.0,0.0,1.7,56041
228,Djeneba,Coulibaly,42,Conakry,Intermédiaire,5.5,9.7,11.3,75176
476,Bineta,Kone,0,Bamako,Intermédiaire,5.2,3.1,2.6,76987
222,Kadiatou,Sangare,32,Dakar,Intermédiaire,11.9,14.4,15.6,74777
155,Ousmane,Diakite,36,,Intermédiaire,10.6,15.6,19.1,87182
252,Salif,Fofana,42,  Abidjan  ,Intermédiaire,12.0,16.3,15.6,88033
276,Modibo,Sangare,24,Dakar,Intermédiaire,10.7,12.3,11.2,75977
159,Fatou,Toure,28,Cotonou,Intermédiaire,5.0,8.0,7.4,69283
272,Modibo,Diallo,39,Abidjan,Débutant,10.7,12.7,13.5,58108
45,Youssouf,Diakite,40,Cotonou,Débutant,5.0,2.5,0.0,69204
492,Modibo,Diakite,28,Dakar,Intermédiaire,6.5,4.9,3.3,83021
114,Boubacar,Ouattara,32,Abidjan,Intermédiaire,9.0,15.5,12.7,80508
324,Djeneba,Sylla,44,Cotonou,Avancé,10.4,9.5,6.2,102107
212,Ramatoulaye,Sow,39,Bamako,Débutant,11.0,,11.2,35259
109,Lamine,Cisse,24,Ouagadougou,Intermédiaire,7.4,4.4,3.9,77587
170,Amadou,Keita,32,Cotonou,Débutant,13.7,15.8,17.0,63522
80,Mariam,Bamba,42,Conakry,Débutant,5.7,4.4,3.1,47158
482,Oumou,Sow,22,Bamako,Intermédiaire,4.3,3.9,0.0,74119
85,Moussa,Yao,25,Abidjan,Intermédiaire,10.8,12.0,12.6,55218
9,Sekou,Diallo,34,Lomé,Débutant,5.0,3.4,7.2,56871
33,Djeneba,Sow,25,Bamako,Débutant,10.4,13.4,11.5,47025
100,Kofi,Diallo,38,Abidjan,Intermédiaire,9.3,14.7,11.8,78701
444,Salif,Sangare,29,conakry,Débutant,3.9,9.6,3.8,66406
419,Salif,Doumbia,23,Abidjan,Intermédiaire,1.6,,2.2,74071
223,Kadiatou,Sangare,26,Dakar,Intermédiaire,12.9,16.0,14.7,78221
29,Ramatoulaye,Ouattara,27,abidjan,Avancé,8.2,2.6,6.8,112291
288,Hawa,Bamba,36,ABIDJAN,Intermédiaire,9.3,,12.3,86717
377,Assitan,Kone,22,Abidjan,Avancé,2.6,5.9,4.1,95010
56,Aminata,Cisse,19,Lomé,Intermédiaire,10.7,9.6,10.1,60206
485,Coumba,Yao,43,Conakry,Débutant,12.1,13.4,12.6,31482
398,Awa,Toure,34,  Accra  ,Intermédiaire,3.5,5.3,4.4,78883
418,Amadou,Fofana,28,Bamako,Avancé,12.1,18.9,19.4,103886
49,Hawa,Toure,29,Abidjan,Débutant,8.5,6.4,8.2,43043
421,Lamine,Traore,38,Abidjan,Avancé,11.2,25.0,13.3,121168
361,Aminata,Sylla,21,Cotonou,Intermédiaire,9.7,10.7,14.5,79293
34,Coumba,Konan,19,Ouagadougou,Débutant,4.2,4.9,9.6,63120
36,Kadiatou,Yao,18,  Accra  ,Avancé,3.9,4.6,7.1,111941
64,Souleymane,Camara,28,Accra,Intermédiaire,12.1,12.4,12.8,67809
407,Boubacar,Fofana,39,Conakry,Intermédiaire,9.9,10.4,10.9,70878
313,Ramatoulaye,Diakite,40,Cotonou,Débutant,6.1,8.0,8.1,44753
235,Fatou,Konan,43,Abidjan,Débutant,6.1,5.1,6.7,42180
500,Bakary,Bamba,19,,Avancé,6.5,22.0,7.8,107785
46,Hawa,Sylla,20,Cotonou,Débutant,8.2,6.3,2.8,37771
304,Assitan,Sylla,40,Accra,Avancé,2.4,,3.1,102902
178,Fatou,Coulibaly,35,Abidjan,Intermédiaire,7.7,5.9,11.7,73418
220,Ramatoulaye,Coulibaly,32,Abidjan,Intermédiaire,10.9,10.0,10.1,95421
390,Awa,Diakite,27,Abidjan,Débutant,7.1,8.0,9.8,54625
297,Adama,Diallo,34,Abidjan,Débutant,6.2,8.2,10.7,40299
22,Boubacar,Diarra,18,Lomé,Débutant,7.2,9.7,7.7,37008
249,Hawa,Toure,36,Ouagadougou,Débutant,7.1,8.2,8.9,53164
310,Fanta,Bamba,31,,Intermédiaire,5.4,3.0,6.6,70371
200,Lamine,Bamba,25,Dakar,Avancé,4.8,3.9,1.5,108406
138,Mariam,Keita,30,Abidjan,Intermédiaire,7.0,8.9,10.8,75729
25,Kadiatou,Kone,41,Bamako,Intermédiaire,0.7,0.2,1.4,53101
185,Ousmane,Fofana,29,Cotonou,Débutant,10.2,11.1,,33620
206,Moussa,Sangare,31,Abidjan,Intermédiaire,11.5,10.4,,76681
135,Oumou,Toure,18,Abidjan,Avancé,6.8,7.2,4.9,98570
300,Modibo,Keita,36,Bamako,Avancé,8.3,11.7,9.0,113798
117,Nafissatou,Diakite,37,Lomé,Débutant,9.0,6.4,5.8,51494
213,Kofi,Sow,40,Abidjan,Intermédiaire,0.0,2.4,,69141
462,Modibo,Diarra,21,Dakar,Intermédiaire,5.8,6.8,6.5,78606
438,Youssouf,Diarra,44,Ouagadougou,Intermédiaire,6.8,9.1,7.0,76916
362,Amadou,Bamba,35,Lomé,Intermédiaire,7.1,8.4,7.3,78796
232,Sekou,Sylla,20,Lomé,Intermédiaire,9.7,10.2,11.5,69471
218,Boubacar,Diarra,36,Abidjan,Intermédiaire,12.1,13.4,14.3,55311
57,Salif,Sangare,29,Abidjan,Débutant,0.9,4.3,1.8,62592
471,Lamine,Diallo,44,Cotonou,Intermédiaire,10.0,9.9,9.0,70117
404,Moussa,Sangare,42,DAKAR,Intermédiaire,6.8,9.5,9.3,87302
376,Oumou,Camara,22,  Dakar  ,Intermédiaire,9.5,9.8,7.4,66551
374,Oumou,Kone,29,Cotonou,Débutant,14.7,19.8,18.6,52185
182,Rokia,Kone,25,Lomé,Intermédiaire,6.7,7.1,8.0,73937
98,Djeneba,Barry,19,Ouagadougou,Intermédiaire,6.8,7.9,7.0,77668
115,Fanta,Doumbia,32,  Abidjan  ,Débutant,8.6,10.3,5.1,54448
279,Kofi,Konan,40,Abidjan,Intermédiaire,1.5,4.1,3.2,71172
119,Boubacar,Keita,44,Abidjan,Débutant,8.5,7.0,,50072
483,Nafissatou,Konan,41,Conakry,Intermédiaire,8.2,11.2,10.1,96699
171,Awa,Ouattara,43,Bamako,Débutant,7.6,7.2,9.1,54241
441,Ramatoulaye,Coulibaly,44,Abidjan,Intermédiaire,5.7,4.4,5.3,80681
55,Awa,Camara,26,Dakar,Débutant,9.3,11.4,11.3,73036
177,Awa,Diarra,25,Cotonou,Intermédiaire,6.4,6.7,7.2,85126
328,Sekou,Coulibaly,32,Cotonou,Débutant,3.0,5.9,9.3,42715
195,Assitan,Cisse,43,Lomé,Débutant,7.9,5.6,3.1,29815
199,Aminata,Traore,31,Conakry,Débutant,4.8,4.8,6.8,45422
363,Lamine,Sow,19,Lomé,Avancé,10.1,9.6,10.4,104439
477,Coumba,Toure,40,Abidjan,Intermédiaire,10.5,10.4,12.0,74209
183,Sekou,Kone,28,Abidjan,Avancé,9.5,12.7,8.2,119956
417,Kadiatou,Fofana,22,Accra,Intermédiaire,6.2,6.8,,69194
355,Kofi,Yao,18,Abidjan,Débutant,6.7,5.5,4.3,42001
104,Rokia,Bamba,24,Dakar,Débutant,12.2,13.2,,48174
221,Ramatoulaye,Keita,38,abidjan,Débutant,12.8,7.2,10.7,52774
131,Fatou,Sow,27,Abidjan,Intermédiaire,10.5,11.9,10.9,73579
354,Modibo,Traore,24,Bamako,Intermédiaire,8.0,,5.7,80826
339,Souleymane,Fofana,41,Abidjan,Débutant,6.3,4.8,5.8,59500
371,Assitan,Konan,20,Dakar,Avancé,4.4,,6.1,115859
61,Sekou,Bamba,25,Dakar,Intermédiaire,8.1,7.6,,78361
95,Coumba,Sylla,18,Dakar,Débutant,6.1,8.4,5.5,47640
194,Modibo,Sangare,34,Accra,Débutant,7.0,11.8,6.2,41718
141,Salif,Barry,30,Cotonou,Intermédiaire,11.0,16.3,17.6,86917
149,Bineta,Toure,21,Lomé,Avancé,6.6,5.1,2.6,134852
203,Youssouf,Diakite,28,Abidjan,Débutant,7.7,9.3,8.7,42853
153,Ramatoulaye,Camara,44,bamako,Avancé,9.8,6.1,7.0,115334
338,Ramatoulaye,Fofana,31,Abidjan,Intermédiaire,12.2,15.0,14.8,86919
416,Fanta,Yao,40,Abidjan,Débutant,6.0,7.4,4.3,55705
11,Salif,Doumbia,32,Abidjan,Débutant,10.3,12.2,11.3,38884
270,Kofi,Sylla,34,Dakar,Débutant,9.5,8.8,10.6,30315
97,Nafissatou,Ouattara,40,Abidjan,Intermédiaire,7.0,9.5,7.1,79215
211,Coumba,Sangare,21,Dakar,Intermédiaire,8.6,9.7,9.4,89289
241,Cheikh,Kone,44,Dakar,Débutant,6.7,8.6,8.8,29244
58,Sekou,Diallo,20,Dakar,Intermédiaire,5.0,2.0,7.3,86464
302,Oumou,Camara,18,  Abidjan  ,Intermédiaire,7.4,6.6,9.5,71897
495,Ousmane,Kone,30,COTONOU,Débutant,9.4,12.1,11.3,38488
360,Aminata,Diakite,36,Dakar,Intermédiaire,12.8,14.7,14.3,480000
37,Souleymane,Fofana,22,Ouagadougou,Débutant,9.4,13.0,8.0,37299
458,Ousmane,Cisse,28,Bamako,Débutant,11.2,14.1,16.8,50285
21,Coumba,Yao,20,Cotonou,Débutant,12.5,14.8,12.5,48869
309,Fanta,Bamba,36,Dakar,Débutant,11.8,11.1,11.6,60909
333,Sekou,Diallo,32,Dakar,Débutant,4.7,3.9,4.7,36098
76,Ramatoulaye,Camara,21,Dakar,Intermédiaire,7.8,6.6,4.8,78958
201,Sekou,Bamba,26,,Intermédiaire,10.9,13.5,11.5,71294
78,Kadiatou,Sow,30,Bamako,Avancé,17.6,19.3,18.7,117346
264,Modibo,Sow,38,Bamako,Intermédiaire,7.8,10.6,5.2,58997
33,Djeneba,Sow,25,Bamako,Débutant,10.4,13.4,11.5,47025
150,Sekou,Sylla,29,Dakar,Débutant,8.6,6.6,10.3,52648
448,Modibo,Keita,24,Cotonou,Débutant,9.5,10.7,11.4,29179
3,Bakary,Barry,39,Lomé,Débutant,7.9,6.2,8.2,53309
53,Assitan,Fofana,41,Abidjan,Intermédiaire,4.8,,3.2,85684
263,Hawa,Cisse,35,,Intermédiaire,13.7,17.4,17.7,61115
254,Kadiatou,Keita,37,Dakar,Avancé,8.3,10.3,7.4,105876
467,Fatou,Traore,25,Ouagadougou,Débutant,2.3,1.2,0.0,36331
260,Ousmane,Cisse,28,Lomé,Intermédiaire,5.6,6.3,7.5,77121
334,Nafissatou,Ouattara,25,Bamako,Avancé,7.4,7.7,5.3,111578
370,Awa,Traore,19,Accra,Avancé,4.6,5.0,6.9,95932
322,Moussa,Sow,41,Accra,Débutant,8.8,10.8,9.0,48046
184,Amadou,Barry,29,Cotonou,Avancé,7.2,5.9,7.8,127032
152,Ousmane,Yao,19,Abidjan,Avancé,7.2,10.0,11.8,108483
463,Rokia,Toure,36,Cotonou,Avancé,6.0,4.9,9.5,101365
303,Aminata,Konan,25,Dakar,Intermédiaire,7.6,10.2,10.8,68857
191,Cheikh,Konan,22,Bamako,Avancé,9.1,5.2,7.4,98003
75,Youssouf,Camara,43,,Intermédiaire,10.6,11.4,11.3,73209
349,Djeneba,Barry,40,Accra,Avancé,5.6,4.9,4.5,88039
244,Sekou,Keita,34,Bamako,Débutant,7.8,6.3,7.3,46733
494,Fatou,Fofana,44,Bamako,Avancé,5.1,2.8,6.5,95838
88,Moussa,Diallo,23,Abidjan,Intermédiaire,11.2,12.1,14.5,65521
240,Assitan,Camara,35,Abidjan,Débutant,7.9,6.0,6.6,37716
144,Awa,Bamba,41,Accra,Intermédiaire,7.9,7.5,8.8,71065
427,Cheikh,Fofana,34,Accra,Débutant,9.7,14.2,12.7,43918
267,Kadiatou,Bamba,34,Ouagadougou,Avancé,2.6,6.7,8.5,101072
289,Kofi,Diallo,35,Bamako,Intermédiaire,4.7,4.9,3.0,63238
137,Kadiatou,Sylla,23,  Abidjan  ,Intermédiaire,12.8,10.9,10.9,74353
167,Kadiatou,Fofana,23,Cotonou,Avancé,9.2,8.6,6.8,108596
84,Modibo,Traore,24,Lomé,Intermédiaire,3.7,6.8,4.7,78515
452,Bakary,Fofana,43,Bamako,Intermédiaire,9.3,10.0,4.0,67254
422,Coumba,Sangare,27,Lomé,Débutant,8.7,8.9,,51864
156,Mariam,Sylla,21,Dakar,Débutant,4.0,1.5,0.7,60574
357,Fanta,Diallo,38,Abidjan,Avancé,7.7,9.1,11.3,106069
382,Ibrahim,Camara,29,Bamako,Intermédiaire,6.6,6.6,3.8,74406
280,Kofi,Barry,36,Lomé,Avancé,5.8,5.7,3.7,108763
127,Ousmane,Sow,18,bamako,Débutant,11.9,16.9,14.5,61927
196,Bakary,Diarra,26,,Intermédiaire,7.1,8.3,12.5,76451
266,Assitan,Barry,24,Abidjan,Débutant,3.5,2.8,2.8,51595
470,Boubacar,Bamba,34,Accra,Débutant,5.5,6.2,8.4,43701
105,Fanta,Ouattara,36,Accra,Intermédiaire,7.8,7.7,8.8,65100
154,Sekou,Sangare,36,Abidjan,Débutant,6.6,7.8,9.3,58395
283,Lamine,Fofana,36,Abidjan,Débutant,7.6,8.8,9.5,46001
392,Bakary,Bamba,44,  Dakar  ,Avancé,13.9,16.1,16.3,111723
227,Adama,Toure,37,abidjan,Intermédiaire,7.3,9.8,10.4,77258
368,Fanta,Yao,28,Abidjan,Intermédiaire,9.3,14.0,9.1,71780
26,Hawa,Bamba,27,Cotonou,Intermédiaire,10.7,11.9,10.8,86946
197,Moussa,Toure,39,Lomé,Débutant,10.4,12.0,7.1,57932
65,Ramatoulaye,Diakite,26,Abidjan,Avancé,6.1,4.0,7.4,130498
16,Boubacar,Fofana,22,Abidjan,Intermédiaire,5.5,6.0,4.3,100116
298,Oumou,Traore,35,Dakar,Avancé,9.1,10.7,9.1,106024
372,Oumou,Traore,40,Lomé,Avancé,8.4,8.8,10.0,102632
110,Ramatoulaye,Diarra,36,Bamako,Avancé,11.0,8.3,9.4,112127
337,Adama,Camara,41,ABIDJAN,Intermédiaire,11.9,15.3,12.8,67606
309,Fanta,Bamba,36,Dakar,Débutant,11.8,11.1,11.6,60909
27,Ibrahim,Diallo,22,Abidjan,Intermédiaire,10.2,10.4,9.5,750000
77,Sekou,Coulibaly,42,Dakar,Avancé,7.5,10.6,10.3,116929
44,Fanta,Diarra,23,Dakar,Débutant,11.4,14.3,14.0,63313
281,Ramatoulaye,Diakite,44,Dakar,Débutant,7.4,7.6,8.7,46023
4,Youssouf,Sangare,21,Dakar,Intermédiaire,13.3,11.9,14.0,89510
488,Amadou,Fofana,37,Lomé,Débutant,8.6,9.8,,46818
50,Salif,Ouattara,35,Accra,Intermédiaire,6.9,7.0,9.1,65819
406,Rokia,Fofana,26,Abidjan,Débutant,7.0,8.8,11.5,26097
388,Hawa,Keita,41,Abidjan,Intermédiaire,5.2,7.1,8.3,71636
497,Coumba,Diakite,19,Lomé,Avancé,11.2,11.6,,101906
31,Fatou,Bamba,19,Ouagadougou,Avancé,3.3,7.8,6.8,112243
457,Ramatoulaye,Cisse,39,  Abidjan  ,Intermédiaire,9.1,6.1,8.3,54349
122,Souleymane,Diarra,42,Ouagadougou,Intermédiaire,11.4,14.5,14.1,97125
432,Amadou,Barry,29,Abidjan,Intermédiaire,11.4,,11.8,87906
116,Cheikh,Traore,18,Abidjan,Débutant,6.9,9.6,7.5,41743
475,Souleymane,Sow,39,Bamako,Intermédiaire,5.7,5.4,9.9,65150
217,Souleymane,Coulibaly,40,Lomé,Avancé,9.5,7.8,8.5,103077
265,Djeneba,Cisse,34,Abidjan,Débutant,5.9,6.2,6.0,37827
210,Salif,Coulibaly,31,Accra,Intermédiaire,9.5,6.1,6.7,76785
317,Bakary,Doumbia,25,bamako,Débutant,11.0,16.4,13.6,46345
385,Hawa,Cisse,43,Bamako,Débutant,4.8,,5.5,46536
2,Assitan,Keita,43,ABIDJAN,Débutant,0.0,0.0,0.0,48396
314,Amadou,Sylla,40,Abidjan,Débutant,13.3,17.1,15.4,54937
23,Kofi,Konan,23,Cotonou,Intermédiaire,7.9,8.9,,77328
318,Awa,Diallo,18,Bamako,Débutant,6.0,6.4,6.9,48487
320,Ramatoulaye,Sangare,40,Ouagadougou,Intermédiaire,7.2,7.9,5.0,80913
8,Boubacar,Yao,37,Cotonou,Intermédiaire,9.4,,9.5,78131
461,Bakary,Diakite,38,Bamako,Avancé,7.5,10.3,9.6,126434
142,Modibo,Sylla,41,Cotonou,Avancé,6.7,,8.2,109163
87,Mariam,Diakite,36,Dakar,Intermédiaire,13.6,15.6,14.8,93978
353,Ramatoulaye,Diakite,27,Conakry,Avancé,9.6,7.1,4.5,116929
242,Ousmane,Bamba,19,Ouagadougou,Débutant,5.9,8.1,8.2,49139
472,Fatou,Konan,24,Accra,Intermédiaire,10.8,8.5,8.4,81333
216,Hawa,Ouattara,39,Conakry,Débutant,2.5,2.5,4.3,45518
69,Ousmane,Fofana,38,Cotonou,Avancé,8.4,6.5,5.5,102201
51,Kadiatou,Diallo,31,Abidjan,Intermédiaire,5.5,3.9,2.2,87396
399,Fanta,Ouattara,31,Abidjan,Intermédiaire,8.8,8.5,10.3,87495
414,Modibo,Sylla,30,Cotonou,Intermédiaire,11.8,12.5,9.4,66657
157,Kadiatou,Sow,21,,Avancé,8.4,10.1,7.3,118722
253,Bineta,Diallo,24,Bamako,Débutant,2.4,7.0,8.2,55862
396,Kofi,Diallo,35,Accra,Intermédiaire,7.7,9.6,8.0,82608
469,Bakary,Konan,21,Dakar,Débutant,8.0,15.4,,22956
403,Fatou,Doumbia,30,Bamako,Débutant,8.9,14.8,13.5,53792
358,Hawa,Fofana,36,Abidjan,Débutant,6.9,10.6,2.6,60016
255,Oumou,Camara,23,Cotonou,Intermédiaire,7.5,7.8,10.3,77572
277,Amadou,Doumbia,18,Abidjan,Débutant,7.2,12.0,8.7,37355
179,Aminata,Doumbia,42,Cotonou,Intermédiaire,9.0,10.0,6.5,107431
282,Coumba,Bamba,41,Dakar,Intermédiaire,5.0,0.4,6.8,63160
391,Souleymane,Diakite,41,Cotonou,Intermédiaire,11.3,17.0,15.3,63206
238,Hawa,Sangare,19,Abidjan,Débutant,4.0,1.8,4.3,54715
72,Kofi,Yao,36,Lomé,Avancé,7.2,11.0,6.3,105848
461,Bakary,Diakite,38,Bamako,Avancé,7.5,10.3,9.6,126434
130,Cheikh,Kone,19,Abidjan,Intermédiaire,6.5,2.8,4.9,80904
145,Awa,Ouattara,32,Abidjan,Débutant,5.3,5.0,3.8,51787
449,Kadiatou,Toure,27,Dakar,Intermédiaire,10.2,10.3,12.7,80531
336,Fatou,Sylla,20,Lomé,Avancé,10.3,11.5,15.0,95231
134,Ousmane,Bamba,27,Accra,Intermédiaire,6.9,8.3,8.4,83723
204,Adama,Cisse,40,Ouagadougou,Avancé,7.5,10.1,13.7,115213
394,Rokia,Diarra,40,Cotonou,Intermédiaire,9.5,7.7,10.4,90280
256,Youssouf,Kone,38,Dakar,Débutant,10.0,8.0,9.9,620000
73,Assitan,Bamba,44,Conakry,Débutant,7.1,7.7,5.0,50340
397,Coumba,Bamba,36,Dakar,Débutant,15.9,19.3,20.0,50601
236,Souleymane,Ouattara,28,Bamako,Intermédiaire,8.6,7.2,10.6,67403
38,Modibo,Keita,26,Abidjan,Avancé,7.9,6.4,10.8,112870
